{
  "Checkout" : {
    "transaction" : "Checkout",
    "sampleCount" : 30,
    "errorCount" : 0,
    "errorPct" : 0.0,
    "meanResTime" : 4214.700000000001,
    "medianResTime" : 5032.5,
    "minResTime" : 7.0,
    "maxResTime" : 5121.0,
    "pct1ResTime" : 5114.6,
    "pct2ResTime" : 5119.35,
    "pct3ResTime" : 5121.0,
    "throughput" : 5.8582308142940835,
    "receivedKBytesPerSec" : 1.9679994141769184,
    "sentKBytesPerSec" : 1.1613484915055652
  },
  "Total" : {
    "transaction" : "Total",
    "sampleCount" : 61,
    "errorCount" : 0,
    "errorPct" : 0.0,
    "meanResTime" : 2204.0327868852464,
    "medianResTime" : 129.0,
    "minResTime" : 7.0,
    "maxResTime" : 5121.0,
    "pct1ResTime" : 5098.4,
    "pct2ResTime" : 5117.7,
    "pct3ResTime" : 5121.0,
    "throughput" : 11.755636924262864,
    "receivedKBytesPerSec" : 4.181584541819233,
    "sentKBytesPerSec" : 2.5608182573713623
  },
  "Add (50) to Cart" : {
    "transaction" : "Add (50) to Cart",
    "sampleCount" : 30,
    "errorCount" : 0,
    "errorPct" : 0.0,
    "meanResTime" : 96.13333333333333,
    "medianResTime" : 91.0,
    "minResTime" : 61.0,
    "maxResTime" : 137.0,
    "pct1ResTime" : 133.9,
    "pct2ResTime" : 136.45,
    "pct3ResTime" : 137.0,
    "throughput" : 214.28571428571428,
    "receivedKBytesPerSec" : 80.73381696428571,
    "sentKBytesPerSec" : 51.060267857142854
  },
  "HTTP Request" : {
    "transaction" : "HTTP Request",
    "sampleCount" : 1,
    "errorCount" : 0,
    "errorPct" : 0.0,
    "meanResTime" : 5121.0,
    "medianResTime" : 5121.0,
    "minResTime" : 5121.0,
    "maxResTime" : 5121.0,
    "pct1ResTime" : 5121.0,
    "pct2ResTime" : 5121.0,
    "pct3ResTime" : 5121.0,
    "throughput" : 0.19527436047646946,
    "receivedKBytesPerSec" : 0.061976725737160704,
    "sentKBytesPerSec" : 0.03756743067760203
  }
}