{
  "Checkout" : {
    "transaction" : "Checkout",
    "sampleCount" : 30,
    "errorCount" : 0,
    "errorPct" : 0.0,
    "meanResTime" : 4521.3,
    "medianResTime" : 5010.5,
    "minResTime" : 5.0,
    "maxResTime" : 5075.0,
    "pct1ResTime" : 5049.9,
    "pct2ResTime" : 5065.1,
    "pct3ResTime" : 5075.0,
    "throughput" : 5.880047040376323,
    "receivedKBytesPerSec" : 1.9753283026264208,
    "sentKBytesPerSec" : 1.165673387887103
  },
  "Total" : {
    "transaction" : "Total",
    "sampleCount" : 61,
    "errorCount" : 0,
    "errorPct" : 0.0,
    "meanResTime" : 2363.1475409836066,
    "medianResTime" : 141.0,
    "minResTime" : 5.0,
    "maxResTime" : 5112.0,
    "pct1ResTime" : 5045.6,
    "pct2ResTime" : 5056.3,
    "pct3ResTime" : 5112.0,
    "throughput" : 11.805689955486743,
    "receivedKBytesPerSec" : 4.199577849816141,
    "sentKBytesPerSec" : 2.5717216832784984
  },
  "Add (50) to Cart" : {
    "transaction" : "Add (50) to Cart",
    "sampleCount" : 30,
    "errorCount" : 0,
    "errorPct" : 0.0,
    "meanResTime" : 113.36666666666667,
    "medianResTime" : 114.0,
    "minResTime" : 63.0,
    "maxResTime" : 148.0,
    "pct1ResTime" : 140.60000000000002,
    "pct2ResTime" : 147.45,
    "pct3ResTime" : 148.0,
    "throughput" : 202.7027027027027,
    "receivedKBytesPerSec" : 76.37642525337839,
    "sentKBytesPerSec" : 48.30025337837838
  },
  "HTTP Request" : {
    "transaction" : "HTTP Request",
    "sampleCount" : 1,
    "errorCount" : 0,
    "errorPct" : 0.0,
    "meanResTime" : 5112.0,
    "medianResTime" : 5112.0,
    "minResTime" : 5112.0,
    "maxResTime" : 5112.0,
    "pct1ResTime" : 5112.0,
    "pct2ResTime" : 5112.0,
    "pct3ResTime" : 5112.0,
    "throughput" : 0.19561815336463223,
    "receivedKBytesPerSec" : 0.062085839690923315,
    "sentKBytesPerSec" : 0.03763357052034429
  }
}