{
  "Checkout" : {
    "transaction" : "Checkout",
    "sampleCount" : 30,
    "errorCount" : 0,
    "errorPct" : 0.0,
    "meanResTime" : 4195.833333333333,
    "medianResTime" : 5014.0,
    "minResTime" : 5.0,
    "maxResTime" : 5102.0,
    "pct1ResTime" : 5063.8,
    "pct2ResTime" : 5094.3,
    "pct3ResTime" : 5102.0,
    "throughput" : 5.8559437829396845,
    "receivedKBytesPerSec" : 1.9672311145813,
    "sentKBytesPerSec" : 1.160895105406988
  },
  "Total" : {
    "transaction" : "Total",
    "sampleCount" : 61,
    "errorCount" : 0,
    "errorPct" : 0.0,
    "meanResTime" : 2203.7377049180323,
    "medianResTime" : 148.0,
    "minResTime" : 5.0,
    "maxResTime" : 5119.0,
    "pct1ResTime" : 5060.8,
    "pct2ResTime" : 5085.6,
    "pct3ResTime" : 5119.0,
    "throughput" : 11.760169654906496,
    "receivedKBytesPerSec" : 4.183008603238866,
    "sentKBytesPerSec" : 2.56180565596684
  },
  "Add (50) to Cart" : {
    "transaction" : "Add (50) to Cart",
    "sampleCount" : 30,
    "errorCount" : 0,
    "errorPct" : 0.0,
    "meanResTime" : 114.46666666666667,
    "medianResTime" : 120.5,
    "minResTime" : 61.0,
    "maxResTime" : 155.0,
    "pct1ResTime" : 153.0,
    "pct2ResTime" : 154.45,
    "pct3ResTime" : 155.0,
    "throughput" : 193.54838709677418,
    "receivedKBytesPerSec" : 72.91456653225806,
    "sentKBytesPerSec" : 46.118951612903224
  },
  "HTTP Request" : {
    "transaction" : "HTTP Request",
    "sampleCount" : 1,
    "errorCount" : 0,
    "errorPct" : 0.0,
    "meanResTime" : 5119.0,
    "medianResTime" : 5119.0,
    "minResTime" : 5119.0,
    "maxResTime" : 5119.0,
    "pct1ResTime" : 5119.0,
    "pct2ResTime" : 5119.0,
    "pct3ResTime" : 5119.0,
    "throughput" : 0.19535065442469232,
    "receivedKBytesPerSec" : 0.06200094012502442,
    "sentKBytesPerSec" : 0.03758210832193788
  }
}