{
  "Checkout" : {
    "transaction" : "Checkout",
    "sampleCount" : 30,
    "errorCount" : 0,
    "errorPct" : 0.0,
    "meanResTime" : 3220.2000000000007,
    "medianResTime" : 5042.0,
    "minResTime" : 9.0,
    "maxResTime" : 5138.0,
    "pct1ResTime" : 5121.7,
    "pct2ResTime" : 5135.8,
    "pct3ResTime" : 5138.0,
    "throughput" : 5.836575875486381,
    "receivedKBytesPerSec" : 1.9607247081712063,
    "sentKBytesPerSec" : 1.157055569066148
  },
  "Total" : {
    "transaction" : "Total",
    "sampleCount" : 61,
    "errorCount" : 0,
    "errorPct" : 0.0,
    "meanResTime" : 1714.5901639344263,
    "medianResTime" : 117.0,
    "minResTime" : 9.0,
    "maxResTime" : 5153.0,
    "pct1ResTime" : 5107.2,
    "pct2ResTime" : 5132.9,
    "pct3ResTime" : 5153.0,
    "throughput" : 11.726259131103422,
    "receivedKBytesPerSec" : 4.171134599673203,
    "sentKBytesPerSec" : 2.5544186731064977
  },
  "Add (50) to Cart" : {
    "transaction" : "Add (50) to Cart",
    "sampleCount" : 30,
    "errorCount" : 0,
    "errorPct" : 0.0,
    "meanResTime" : 94.36666666666667,
    "medianResTime" : 95.0,
    "minResTime" : 56.0,
    "maxResTime" : 141.0,
    "pct1ResTime" : 132.4,
    "pct2ResTime" : 137.7,
    "pct3ResTime" : 141.0,
    "throughput" : 212.7659574468085,
    "receivedKBytesPerSec" : 80.16123670212767,
    "sentKBytesPerSec" : 50.69813829787235
  },
  "HTTP Request" : {
    "transaction" : "HTTP Request",
    "sampleCount" : 1,
    "errorCount" : 0,
    "errorPct" : 0.0,
    "meanResTime" : 5153.0,
    "medianResTime" : 5153.0,
    "minResTime" : 5153.0,
    "maxResTime" : 5153.0,
    "pct1ResTime" : 5153.0,
    "pct2ResTime" : 5153.0,
    "pct3ResTime" : 5153.0,
    "throughput" : 0.19406171162429653,
    "receivedKBytesPerSec" : 0.06159185183388318,
    "sentKBytesPerSec" : 0.037334137880846115
  }
}