{
  "Checkout" : {
    "transaction" : "Checkout",
    "sampleCount" : 30,
    "errorCount" : 0,
    "errorPct" : 0.0,
    "meanResTime" : 5069.666666666667,
    "medianResTime" : 5061.5,
    "minResTime" : 4954.0,
    "maxResTime" : 5213.0,
    "pct1ResTime" : 5193.2,
    "pct2ResTime" : 5206.4,
    "pct3ResTime" : 5213.0,
    "throughput" : 5.749329244921426,
    "receivedKBytesPerSec" : 1.9314152932157915,
    "sentKBytesPerSec" : 1.1397596061709467
  },
  "Total" : {
    "transaction" : "Total",
    "sampleCount" : 61,
    "errorCount" : 0,
    "errorPct" : 0.0,
    "meanResTime" : 2750.7377049180327,
    "medianResTime" : 4954.0,
    "minResTime" : 327.0,
    "maxResTime" : 5290.0,
    "pct1ResTime" : 5160.6,
    "pct2ResTime" : 5200.4,
    "pct3ResTime" : 5290.0,
    "throughput" : 10.96925013486783,
    "receivedKBytesPerSec" : 3.899050024725769,
    "sentKBytesPerSec" : 2.389513745279626
  },
  "Add (50) to Cart" : {
    "transaction" : "Add (50) to Cart",
    "sampleCount" : 30,
    "errorCount" : 0,
    "errorPct" : 0.0,
    "meanResTime" : 347.1666666666667,
    "medianResTime" : 331.5,
    "minResTime" : 327.0,
    "maxResTime" : 420.0,
    "pct1ResTime" : 407.8,
    "pct2ResTime" : 414.5,
    "pct3ResTime" : 420.0,
    "throughput" : 70.75471698113208,
    "receivedKBytesPerSec" : 26.620540978773587,
    "sentKBytesPerSec" : 16.85952240566038
  },
  "HTTP Request" : {
    "transaction" : "HTTP Request",
    "sampleCount" : 1,
    "errorCount" : 0,
    "errorPct" : 0.0,
    "meanResTime" : 5290.0,
    "medianResTime" : 5290.0,
    "minResTime" : 5290.0,
    "maxResTime" : 5290.0,
    "pct1ResTime" : 5290.0,
    "pct2ResTime" : 5290.0,
    "pct3ResTime" : 5290.0,
    "throughput" : 0.1890359168241966,
    "receivedKBytesPerSec" : 0.05999675094517958,
    "sentKBytesPerSec" : 0.03636726134215501
  }
}