{
  "Checkout" : {
    "transaction" : "Checkout",
    "sampleCount" : 30,
    "errorCount" : 0,
    "errorPct" : 0.0,
    "meanResTime" : 4714.333333333334,
    "medianResTime" : 4739.5,
    "minResTime" : 4659.0,
    "maxResTime" : 4743.0,
    "pct1ResTime" : 4742.0,
    "pct2ResTime" : 4743.0,
    "pct3ResTime" : 4743.0,
    "throughput" : 6.323777403035413,
    "receivedKBytesPerSec" : 2.1243939713322093,
    "sentKBytesPerSec" : 1.2536394656408094
  },
  "Total" : {
    "transaction" : "Total",
    "sampleCount" : 61,
    "errorCount" : 0,
    "errorPct" : 0.0,
    "meanResTime" : 2593.3278688524597,
    "medianResTime" : 4659.0,
    "minResTime" : 374.0,
    "maxResTime" : 5346.0,
    "pct1ResTime" : 4742.0,
    "pct2ResTime" : 4742.9,
    "pct3ResTime" : 5346.0,
    "throughput" : 11.229749631811487,
    "receivedKBytesPerSec" : 3.9947015371870394,
    "sentKBytesPerSec" : 2.4462602977724592
  },
  "Add (50) to Cart" : {
    "transaction" : "Add (50) to Cart",
    "sampleCount" : 30,
    "errorCount" : 0,
    "errorPct" : 0.0,
    "meanResTime" : 380.56666666666666,
    "medianResTime" : 384.0,
    "minResTime" : 374.0,
    "maxResTime" : 385.0,
    "pct1ResTime" : 384.9,
    "pct2ResTime" : 385.0,
    "pct3ResTime" : 385.0,
    "throughput" : 77.92207792207792,
    "receivedKBytesPerSec" : 29.360288149350648,
    "sentKBytesPerSec" : 18.56737012987013
  },
  "HTTP Request" : {
    "transaction" : "HTTP Request",
    "sampleCount" : 1,
    "errorCount" : 0,
    "errorPct" : 0.0,
    "meanResTime" : 5346.0,
    "medianResTime" : 5346.0,
    "minResTime" : 5346.0,
    "maxResTime" : 5346.0,
    "pct1ResTime" : 5346.0,
    "pct2ResTime" : 5346.0,
    "pct3ResTime" : 5346.0,
    "throughput" : 0.18705574261129815,
    "receivedKBytesPerSec" : 0.059368277684249904,
    "sentKBytesPerSec" : 0.035986309857837635
  }
}