{
  "Checkout" : {
    "transaction" : "Checkout",
    "sampleCount" : 1000,
    "errorCount" : 0,
    "errorPct" : 0.0,
    "meanResTime" : 139.09800000000018,
    "medianResTime" : 4.0,
    "minResTime" : 2.0,
    "maxResTime" : 1001.0,
    "pct1ResTime" : 399.0,
    "pct2ResTime" : 424.94999999999993,
    "pct3ResTime" : 538.95,
    "throughput" : 208.42017507294705,
    "receivedKBytesPerSec" : 70.01615256356816,
    "sentKBytesPerSec" : 80.37467597175906
  },
  "Total" : {
    "transaction" : "Total",
    "sampleCount" : 3000,
    "errorCount" : 0,
    "errorPct" : 0.0,
    "meanResTime" : 71.0063333333334,
    "medianResTime" : 5.0,
    "minResTime" : 2.0,
    "maxResTime" : 1001.0,
    "pct1ResTime" : 264.0,
    "pct2ResTime" : 386.9499999999998,
    "pct3ResTime" : 447.97999999999956,
    "throughput" : 594.8839976204639,
    "receivedKBytesPerSec" : 215.46710012641284,
    "sentKBytesPerSec" : 242.77134611094587
  },
  "Add to Cart (5)" : {
    "transaction" : "Add to Cart (5)",
    "sampleCount" : 1000,
    "errorCount" : 0,
    "errorPct" : 0.0,
    "meanResTime" : 36.51500000000006,
    "medianResTime" : 5.0,
    "minResTime" : 2.0,
    "maxResTime" : 235.0,
    "pct1ResTime" : 119.89999999999998,
    "pct2ResTime" : 196.94999999999993,
    "pct3ResTime" : 219.0,
    "throughput" : 200.32051282051282,
    "receivedKBytesPerSec" : 75.18748747996794,
    "sentKBytesPerSec" : 84.00022066556491
  },
  "Transaction Controller" : {
    "transaction" : "Transaction Controller",
    "sampleCount" : 1000,
    "errorCount" : 0,
    "errorPct" : 0.0,
    "meanResTime" : 213.01900000000026,
    "medianResTime" : 13.0,
    "minResTime" : 7.0,
    "maxResTime" : 1244.0,
    "pct1ResTime" : 647.9,
    "pct2ResTime" : 692.9499999999999,
    "pct3ResTime" : 815.9100000000001,
    "throughput" : 194.9317738791423,
    "receivedKBytesPerSec" : 211.81297971491227,
    "sentKBytesPerSec" : 238.65417123538012
  },
  "Add to Cart (4)" : {
    "transaction" : "Add to Cart (4)",
    "sampleCount" : 1000,
    "errorCount" : 0,
    "errorPct" : 0.0,
    "meanResTime" : 37.40600000000003,
    "medianResTime" : 5.0,
    "minResTime" : 2.0,
    "maxResTime" : 232.0,
    "pct1ResTime" : 130.69999999999993,
    "pct2ResTime" : 199.0,
    "pct3ResTime" : 218.0,
    "throughput" : 198.4126984126984,
    "receivedKBytesPerSec" : 74.46967230902777,
    "sentKBytesPerSec" : 83.20021856398809
  }
}