{
  "Checkout" : {
    "transaction" : "Checkout",
    "sampleCount" : 1000,
    "errorCount" : 0,
    "errorPct" : 0.0,
    "meanResTime" : 2722.817999999998,
    "medianResTime" : 2729.0,
    "minResTime" : 486.0,
    "maxResTime" : 4507.0,
    "pct1ResTime" : 3989.7,
    "pct2ResTime" : 4101.799999999999,
    "pct3ResTime" : 4275.9400000000005,
    "throughput" : 70.1655907942745,
    "receivedKBytesPerSec" : 23.571253157451583,
    "sentKBytesPerSec" : 27.05849672414398
  },
  "Total" : {
    "transaction" : "Total",
    "sampleCount" : 3000,
    "errorCount" : 0,
    "errorPct" : 0.0,
    "meanResTime" : 2680.8946666666666,
    "medianResTime" : 2255.5,
    "minResTime" : 305.0,
    "maxResTime" : 8537.0,
    "pct1ResTime" : 6151.6,
    "pct2ResTime" : 6484.95,
    "pct3ResTime" : 8132.98,
    "throughput" : 198.25535289452813,
    "receivedKBytesPerSec" : 71.80812754014671,
    "sentKBytesPerSec" : 80.90773846401666
  },
  "Add to Cart (5)" : {
    "transaction" : "Add to Cart (5)",
    "sampleCount" : 1000,
    "errorCount" : 0,
    "errorPct" : 0.0,
    "meanResTime" : 2779.5420000000013,
    "medianResTime" : 1002.5,
    "minResTime" : 305.0,
    "maxResTime" : 8307.0,
    "pct1ResTime" : 6389.5,
    "pct2ResTime" : 7168.799999999999,
    "pct3ResTime" : 8145.95,
    "throughput" : 78.72775940796726,
    "receivedKBytesPerSec" : 29.549511149818926,
    "sentKBytesPerSec" : 33.012840620571566
  },
  "Transaction Controller" : {
    "transaction" : "Transaction Controller",
    "sampleCount" : 1000,
    "errorCount" : 0,
    "errorPct" : 0.0,
    "meanResTime" : 8042.683999999998,
    "medianResTime" : 9470.5,
    "minResTime" : 1361.0,
    "maxResTime" : 11120.0,
    "pct1ResTime" : 10200.9,
    "pct2ResTime" : 10573.3,
    "pct3ResTime" : 10952.91,
    "throughput" : 64.88871585231328,
    "receivedKBytesPerSec" : 70.50811666585555,
    "sentKBytesPerSec" : 79.44298867286354
  },
  "Add to Cart (4)" : {
    "transaction" : "Add to Cart (4)",
    "sampleCount" : 1000,
    "errorCount" : 0,
    "errorPct" : 0.0,
    "meanResTime" : 2540.3239999999973,
    "medianResTime" : 944.0,
    "minResTime" : 331.0,
    "maxResTime" : 8537.0,
    "pct1ResTime" : 6333.5,
    "pct2ResTime" : 7190.95,
    "pct3ResTime" : 8191.88,
    "throughput" : 77.57951900698215,
    "receivedKBytesPerSec" : 29.117548123545383,
    "sentKBytesPerSec" : 32.53135000484872
  }
}