{
  "Checkout" : {
    "transaction" : "Checkout",
    "sampleCount" : 1000,
    "errorCount" : 0,
    "errorPct" : 0.0,
    "meanResTime" : 84.32799999999999,
    "medianResTime" : 3.0,
    "minResTime" : 2.0,
    "maxResTime" : 564.0,
    "pct1ResTime" : 296.0,
    "pct2ResTime" : 332.94999999999993,
    "pct3ResTime" : 434.94000000000005,
    "throughput" : 207.08221163802028,
    "receivedKBytesPerSec" : 69.56668047214744,
    "sentKBytesPerSec" : 79.85870683630152
  },
  "Total" : {
    "transaction" : "Total",
    "sampleCount" : 3000,
    "errorCount" : 0,
    "errorPct" : 0.0,
    "meanResTime" : 46.31766666666662,
    "medianResTime" : 4.0,
    "minResTime" : 2.0,
    "maxResTime" : 564.0,
    "pct1ResTime" : 171.9000000000001,
    "pct2ResTime" : 278.0,
    "pct3ResTime" : 348.9899999999998,
    "throughput" : 592.8853754940711,
    "receivedKBytesPerSec" : 214.7431988018775,
    "sentKBytesPerSec" : 241.95571115365615
  },
  "Add to Cart (5)" : {
    "transaction" : "Add to Cart (5)",
    "sampleCount" : 1000,
    "errorCount" : 0,
    "errorPct" : 0.0,
    "meanResTime" : 27.089999999999986,
    "medianResTime" : 4.0,
    "minResTime" : 2.0,
    "maxResTime" : 219.0,
    "pct1ResTime" : 108.0,
    "pct2ResTime" : 148.6999999999996,
    "pct3ResTime" : 177.0,
    "throughput" : 200.2402883460152,
    "receivedKBytesPerSec" : 75.15737635162195,
    "sentKBytesPerSec" : 83.9665802087505
  },
  "Transaction Controller" : {
    "transaction" : "Transaction Controller",
    "sampleCount" : 1000,
    "errorCount" : 0,
    "errorPct" : 0.0,
    "meanResTime" : 138.95300000000015,
    "medianResTime" : 11.0,
    "minResTime" : 6.0,
    "maxResTime" : 849.0,
    "pct1ResTime" : 532.8,
    "pct2ResTime" : 580.0,
    "pct3ResTime" : 697.98,
    "throughput" : 195.00780031201248,
    "receivedKBytesPerSec" : 211.89559008141575,
    "sentKBytesPerSec" : 238.7472500853159
  },
  "Add to Cart (4)" : {
    "transaction" : "Add to Cart (4)",
    "sampleCount" : 1000,
    "errorCount" : 0,
    "errorPct" : 0.0,
    "meanResTime" : 27.53499999999999,
    "medianResTime" : 4.0,
    "minResTime" : 2.0,
    "maxResTime" : 205.0,
    "pct1ResTime" : 111.79999999999995,
    "pct2ResTime" : 151.8499999999998,
    "pct3ResTime" : 177.0,
    "throughput" : 197.70660340055358,
    "receivedKBytesPerSec" : 74.20465568159352,
    "sentKBytesPerSec" : 82.90413237692765
  }
}