{
  "Checkout" : {
    "transaction" : "Checkout",
    "sampleCount" : 1000,
    "errorCount" : 0,
    "errorPct" : 0.0,
    "meanResTime" : 126.92899999999976,
    "medianResTime" : 4.0,
    "minResTime" : 2.0,
    "maxResTime" : 720.0,
    "pct1ResTime" : 407.0,
    "pct2ResTime" : 432.94999999999993,
    "pct3ResTime" : 506.0,
    "throughput" : 207.94343938448742,
    "receivedKBytesPerSec" : 69.85599916822623,
    "sentKBytesPerSec" : 80.19082871958827
  },
  "Total" : {
    "transaction" : "Total",
    "sampleCount" : 3000,
    "errorCount" : 0,
    "errorPct" : 0.0,
    "meanResTime" : 64.2846666666667,
    "medianResTime" : 4.0,
    "minResTime" : 2.0,
    "maxResTime" : 720.0,
    "pct1ResTime" : 220.9000000000001,
    "pct2ResTime" : 369.0,
    "pct3ResTime" : 456.0,
    "throughput" : 593.7067088858105,
    "receivedKBytesPerSec" : 215.0406859167821,
    "sentKBytesPerSec" : 242.29089618790817
  },
  "Add to Cart (5)" : {
    "transaction" : "Add to Cart (5)",
    "sampleCount" : 1000,
    "errorCount" : 0,
    "errorPct" : 0.0,
    "meanResTime" : 32.801000000000016,
    "medianResTime" : 5.0,
    "minResTime" : 2.0,
    "maxResTime" : 214.0,
    "pct1ResTime" : 120.0,
    "pct2ResTime" : 176.94999999999993,
    "pct3ResTime" : 199.0,
    "throughput" : 200.32051282051282,
    "receivedKBytesPerSec" : 75.18748747996794,
    "sentKBytesPerSec" : 84.00022066556491
  },
  "Transaction Controller" : {
    "transaction" : "Transaction Controller",
    "sampleCount" : 1000,
    "errorCount" : 0,
    "errorPct" : 0.0,
    "meanResTime" : 192.8540000000003,
    "medianResTime" : 13.0,
    "minResTime" : 7.0,
    "maxResTime" : 1036.0,
    "pct1ResTime" : 619.9,
    "pct2ResTime" : 674.8999999999999,
    "pct3ResTime" : 766.7900000000002,
    "throughput" : 194.51468585878234,
    "receivedKBytesPerSec" : 211.35977162760165,
    "sentKBytesPerSec" : 238.143532082766
  },
  "Add to Cart (4)" : {
    "transaction" : "Add to Cart (4)",
    "sampleCount" : 1000,
    "errorCount" : 0,
    "errorPct" : 0.0,
    "meanResTime" : 33.12400000000001,
    "medianResTime" : 5.0,
    "minResTime" : 2.0,
    "maxResTime" : 214.0,
    "pct1ResTime" : 124.0,
    "pct2ResTime" : 178.0,
    "pct3ResTime" : 197.0,
    "throughput" : 198.01980198019803,
    "receivedKBytesPerSec" : 74.32220761138615,
    "sentKBytesPerSec" : 83.0354656559406
  }
}