{
  "Total" : {
    "transaction" : "Total",
    "sampleCount" : 999,
    "errorCount" : 0,
    "errorPct" : 0.0,
    "meanResTime" : 62630.84384384387,
    "medianResTime" : 62712.0,
    "minResTime" : 61484.0,
    "maxResTime" : 63338.0,
    "pct1ResTime" : 63271.0,
    "pct2ResTime" : 63300.0,
    "pct3ResTime" : 63331.0,
    "throughput" : 15.730054008093342,
    "receivedKBytesPerSec" : 5.895479626903273,
    "sentKBytesPerSec" : 6.603748459863956
  },
  "Add to Cart (5)" : {
    "transaction" : "Add to Cart (5)",
    "sampleCount" : 500,
    "errorCount" : 0,
    "errorPct" : 0.0,
    "meanResTime" : 62567.67400000002,
    "medianResTime" : 62711.0,
    "minResTime" : 61484.0,
    "maxResTime" : 63336.0,
    "pct1ResTime" : 63271.0,
    "pct2ResTime" : 63298.95,
    "pct3ResTime" : 63334.97,
    "throughput" : 7.8738917497362255,
    "receivedKBytesPerSec" : 2.951079264499772,
    "sentKBytesPerSec" : 3.30643476579109
  },
  "Add to Cart (4)" : {
    "transaction" : "Add to Cart (4)",
    "sampleCount" : 499,
    "errorCount" : 0,
    "errorPct" : 0.0,
    "meanResTime" : 62694.14028056112,
    "medianResTime" : 62714.0,
    "minResTime" : 61487.0,
    "maxResTime" : 63338.0,
    "pct1ResTime" : 63271.0,
    "pct2ResTime" : 63300.0,
    "pct3ResTime" : 63329.0,
    "throughput" : 7.857154104142721,
    "receivedKBytesPerSec" : 2.9447720992300304,
    "sentKBytesPerSec" : 3.2977301937520664
  }
}