{
  "Checkout" : {
    "transaction" : "Checkout",
    "sampleCount" : 1000,
    "errorCount" : 0,
    "errorPct" : 0.0,
    "meanResTime" : 94.21399999999997,
    "medianResTime" : 5.0,
    "minResTime" : 2.0,
    "maxResTime" : 573.0,
    "pct1ResTime" : 313.9,
    "pct2ResTime" : 339.7999999999997,
    "pct3ResTime" : 432.96000000000004,
    "throughput" : 207.85699438786114,
    "receivedKBytesPerSec" : 69.8269590521721,
    "sentKBytesPerSec" : 80.15749227031802
  },
  "Total" : {
    "transaction" : "Total",
    "sampleCount" : 3000,
    "errorCount" : 0,
    "errorPct" : 0.0,
    "meanResTime" : 51.71933333333321,
    "medianResTime" : 4.0,
    "minResTime" : 2.0,
    "maxResTime" : 573.0,
    "pct1ResTime" : 202.0,
    "pct2ResTime" : 296.0,
    "pct3ResTime" : 360.9899999999998,
    "throughput" : 594.8839976204639,
    "receivedKBytesPerSec" : 215.46710012641284,
    "sentKBytesPerSec" : 242.77134611094587
  },
  "Add to Cart (5)" : {
    "transaction" : "Add to Cart (5)",
    "sampleCount" : 1000,
    "errorCount" : 0,
    "errorPct" : 0.0,
    "meanResTime" : 30.072000000000042,
    "medianResTime" : 4.0,
    "minResTime" : 2.0,
    "maxResTime" : 216.0,
    "pct1ResTime" : 110.89999999999998,
    "pct2ResTime" : 171.0,
    "pct3ResTime" : 209.0,
    "throughput" : 200.2803925495694,
    "receivedKBytesPerSec" : 75.17262448678149,
    "sentKBytesPerSec" : 83.98339706839575
  },
  "Transaction Controller" : {
    "transaction" : "Transaction Controller",
    "sampleCount" : 1000,
    "errorCount" : 0,
    "errorPct" : 0.0,
    "meanResTime" : 155.15800000000027,
    "medianResTime" : 13.0,
    "minResTime" : 7.0,
    "maxResTime" : 822.0,
    "pct1ResTime" : 557.9,
    "pct2ResTime" : 594.9499999999999,
    "pct3ResTime" : 705.95,
    "throughput" : 195.08388607101054,
    "receivedKBytesPerSec" : 211.97826491172452,
    "sentKBytesPerSec" : 238.84040156798673
  },
  "Add to Cart (4)" : {
    "transaction" : "Add to Cart (4)",
    "sampleCount" : 1000,
    "errorCount" : 0,
    "errorPct" : 0.0,
    "meanResTime" : 30.872000000000018,
    "medianResTime" : 4.0,
    "minResTime" : 2.0,
    "maxResTime" : 218.0,
    "pct1ResTime" : 121.89999999999998,
    "pct2ResTime" : 173.89999999999986,
    "pct3ResTime" : 207.0,
    "throughput" : 198.4126984126984,
    "receivedKBytesPerSec" : 74.46947854662699,
    "sentKBytesPerSec" : 83.20021856398809
  }
}