{
  "Checkout" : {
    "transaction" : "Checkout",
    "sampleCount" : 1000,
    "errorCount" : 900,
    "errorPct" : 90.0,
    "meanResTime" : 3.602999999999998,
    "medianResTime" : 2.0,
    "minResTime" : 1.0,
    "maxResTime" : 103.0,
    "pct1ResTime" : 3.0,
    "pct2ResTime" : 4.0,
    "pct3ResTime" : 48.930000000000064,
    "throughput" : 101.7293997965412,
    "receivedKBytesPerSec" : 33.45943540183113,
    "sentKBytesPerSec" : 39.23069128306206
  },
  "Add to Cart" : {
    "transaction" : "Add to Cart",
    "sampleCount" : 1000,
    "errorCount" : 0,
    "errorPct" : 0.0,
    "meanResTime" : 5.582999999999998,
    "medianResTime" : 4.0,
    "minResTime" : 3.0,
    "maxResTime" : 137.0,
    "pct1ResTime" : 5.0,
    "pct2ResTime" : 5.0,
    "pct3ResTime" : 85.83000000000015,
    "throughput" : 101.02030508132134,
    "receivedKBytesPerSec" : 37.97071121451662,
    "sentKBytesPerSec" : 42.90334329856552
  },
  "Total" : {
    "transaction" : "Total",
    "sampleCount" : 2000,
    "errorCount" : 900,
    "errorPct" : 45.0,
    "meanResTime" : 4.592999999999993,
    "medianResTime" : 3.0,
    "minResTime" : 1.0,
    "maxResTime" : 137.0,
    "pct1ResTime" : 4.0,
    "pct2ResTime" : 5.0,
    "pct3ResTime" : 68.98000000000002,
    "throughput" : 201.99979800020202,
    "receivedKBytesPerSec" : 71.18253916902333,
    "sentKBytesPerSec" : 81.84404510907989
  },
  "Transaction Controller" : {
    "transaction" : "Transaction Controller",
    "sampleCount" : 1000,
    "errorCount" : 900,
    "errorPct" : 90.0,
    "meanResTime" : 9.186,
    "medianResTime" : 6.0,
    "minResTime" : 4.0,
    "maxResTime" : 219.0,
    "pct1ResTime" : 8.0,
    "pct2ResTime" : 9.0,
    "pct3ResTime" : 152.9000000000001,
    "throughput" : 100.10010010010011,
    "receivedKBytesPerSec" : 70.54838041166165,
    "sentKBytesPerSec" : 81.11490396646647
  }
}