{
  "Checkout" : {
    "transaction" : "Checkout",
    "sampleCount" : 1000,
    "errorCount" : 900,
    "errorPct" : 90.0,
    "meanResTime" : 3.4479999999999995,
    "medianResTime" : 2.0,
    "minResTime" : 1.0,
    "maxResTime" : 134.0,
    "pct1ResTime" : 3.0,
    "pct2ResTime" : 4.0,
    "pct3ResTime" : 51.930000000000064,
    "throughput" : 101.73974972021568,
    "receivedKBytesPerSec" : 33.462839556414686,
    "sentKBytesPerSec" : 39.234682603774544
  },
  "Add to Cart" : {
    "transaction" : "Add to Cart",
    "sampleCount" : 1000,
    "errorCount" : 0,
    "errorPct" : 0.0,
    "meanResTime" : 5.105000000000003,
    "medianResTime" : 4.0,
    "minResTime" : 3.0,
    "maxResTime" : 131.0,
    "pct1ResTime" : 4.0,
    "pct2ResTime" : 5.0,
    "pct3ResTime" : 70.0,
    "throughput" : 101.02030508132134,
    "receivedKBytesPerSec" : 37.97071121451662,
    "sentKBytesPerSec" : 42.90334329856552
  },
  "Total" : {
    "transaction" : "Total",
    "sampleCount" : 2000,
    "errorCount" : 900,
    "errorPct" : 45.0,
    "meanResTime" : 4.276500000000005,
    "medianResTime" : 3.0,
    "minResTime" : 1.0,
    "maxResTime" : 134.0,
    "pct1ResTime" : 4.0,
    "pct2ResTime" : 5.0,
    "pct3ResTime" : 69.94000000000005,
    "throughput" : 201.99979800020202,
    "receivedKBytesPerSec" : 71.18253916902333,
    "sentKBytesPerSec" : 81.84404510907989
  },
  "Transaction Controller" : {
    "transaction" : "Transaction Controller",
    "sampleCount" : 1000,
    "errorCount" : 900,
    "errorPct" : 90.0,
    "meanResTime" : 8.55299999999999,
    "medianResTime" : 6.0,
    "minResTime" : 4.0,
    "maxResTime" : 190.0,
    "pct1ResTime" : 7.0,
    "pct2ResTime" : 9.0,
    "pct3ResTime" : 149.8800000000001,
    "throughput" : 100.150225338007,
    "receivedKBytesPerSec" : 70.58370759263896,
    "sentKBytesPerSec" : 81.15552234601903
  }
}