{
  "Checkout" : {
    "transaction" : "Checkout",
    "sampleCount" : 1000,
    "errorCount" : 900,
    "errorPct" : 90.0,
    "meanResTime" : 3.839999999999997,
    "medianResTime" : 2.0,
    "minResTime" : 1.0,
    "maxResTime" : 130.0,
    "pct1ResTime" : 3.0,
    "pct2ResTime" : 4.0,
    "pct3ResTime" : 80.86000000000013,
    "throughput" : 101.63634515702816,
    "receivedKBytesPerSec" : 33.42882914930379,
    "sentKBytesPerSec" : 39.194805906342104
  },
  "Add to Cart" : {
    "transaction" : "Add to Cart",
    "sampleCount" : 1000,
    "errorCount" : 0,
    "errorPct" : 0.0,
    "meanResTime" : 5.453000000000002,
    "medianResTime" : 4.0,
    "minResTime" : 3.0,
    "maxResTime" : 142.0,
    "pct1ResTime" : 5.0,
    "pct2ResTime" : 6.0,
    "pct3ResTime" : 62.98000000000002,
    "throughput" : 101.02030508132134,
    "receivedKBytesPerSec" : 37.97071121451662,
    "sentKBytesPerSec" : 42.90334329856552
  },
  "Total" : {
    "transaction" : "Total",
    "sampleCount" : 2000,
    "errorCount" : 900,
    "errorPct" : 45.0,
    "meanResTime" : 4.646500000000007,
    "medianResTime" : 3.0,
    "minResTime" : 1.0,
    "maxResTime" : 142.0,
    "pct1ResTime" : 4.0,
    "pct2ResTime" : 5.0,
    "pct3ResTime" : 66.96000000000004,
    "throughput" : 201.99979800020202,
    "receivedKBytesPerSec" : 71.18253916902333,
    "sentKBytesPerSec" : 81.84404510907989
  },
  "Transaction Controller" : {
    "transaction" : "Transaction Controller",
    "sampleCount" : 1000,
    "errorCount" : 900,
    "errorPct" : 90.0,
    "meanResTime" : 9.293000000000005,
    "medianResTime" : 6.0,
    "minResTime" : 4.0,
    "maxResTime" : 248.0,
    "pct1ResTime" : 8.0,
    "pct2ResTime" : 9.0,
    "pct3ResTime" : 161.91000000000008,
    "throughput" : 100.07004903432403,
    "receivedKBytesPerSec" : 70.5272010720004,
    "sentKBytesPerSec" : 81.09055244921444
  }
}