{
  "Add to Cart" : {
    "transaction" : "Add to Cart",
    "sampleCount" : 1000,
    "errorCount" : 0,
    "errorPct" : 0.0,
    "meanResTime" : 64169.759999999966,
    "medianResTime" : 64091.0,
    "minResTime" : 62965.0,
    "maxResTime" : 65235.0,
    "pct1ResTime" : 65125.7,
    "pct2ResTime" : 65181.0,
    "pct3ResTime" : 65217.0,
    "throughput" : 15.319800842589046,
    "receivedKBytesPerSec" : 5.758285259479126,
    "sentKBytesPerSec" : 6.506322409996169
  },
  "Total" : {
    "transaction" : "Total",
    "sampleCount" : 2000,
    "errorCount" : 0,
    "errorPct" : 0.0,
    "meanResTime" : 81458.03599999998,
    "medianResTime" : 79726.0,
    "minResTime" : 62965.0,
    "maxResTime" : 107947.0,
    "pct1ResTime" : 104469.0,
    "pct2ResTime" : 106869.7,
    "pct3ResTime" : 107663.99,
    "throughput" : 18.524007113218733,
    "receivedKBytesPerSec" : 6.962656904129001,
    "sentKBytesPerSec" : 7.867149438954134
  },
  "Transaction Controller" : {
    "transaction" : "Transaction Controller",
    "sampleCount" : 1000,
    "errorCount" : 0,
    "errorPct" : 0.0,
    "meanResTime" : 98746.31200000009,
    "medianResTime" : 96996.0,
    "minResTime" : 94217.0,
    "maxResTime" : 107947.0,
    "pct1ResTime" : 106869.4,
    "pct2ResTime" : 107297.95,
    "pct3ResTime" : 107833.95,
    "throughput" : 9.262003556609367,
    "receivedKBytesPerSec" : 3.4813284520645005,
    "sentKBytesPerSec" : 3.933574719477067
  }
}