{
  "Checkout" : {
    "transaction" : "Checkout",
    "sampleCount" : 1000,
    "errorCount" : 900,
    "errorPct" : 90.0,
    "meanResTime" : 642.063,
    "medianResTime" : 57.0,
    "minResTime" : 13.0,
    "maxResTime" : 2545.0,
    "pct1ResTime" : 1960.5,
    "pct2ResTime" : 2050.95,
    "pct3ResTime" : 2205.84,
    "throughput" : 92.44707405010631,
    "receivedKBytesPerSec" : 30.406420449292778,
    "sentKBytesPerSec" : 35.65107657506702
  },
  "Add to Cart" : {
    "transaction" : "Add to Cart",
    "sampleCount" : 1000,
    "errorCount" : 0,
    "errorPct" : 0.0,
    "meanResTime" : 1611.465999999999,
    "medianResTime" : 1912.5,
    "minResTime" : 527.0,
    "maxResTime" : 2209.0,
    "pct1ResTime" : 2154.0,
    "pct2ResTime" : 2176.0,
    "pct3ResTime" : 2191.0,
    "throughput" : 87.30574471800244,
    "receivedKBytesPerSec" : 32.81579101733019,
    "sentKBytesPerSec" : 37.0787668336389
  },
  "Total" : {
    "transaction" : "Total",
    "sampleCount" : 2000,
    "errorCount" : 900,
    "errorPct" : 45.0,
    "meanResTime" : 1126.7645000000023,
    "medianResTime" : 1043.5,
    "minResTime" : 13.0,
    "maxResTime" : 2545.0,
    "pct1ResTime" : 2107.0,
    "pct2ResTime" : 2162.0,
    "pct3ResTime" : 2191.0,
    "throughput" : 174.38311971401168,
    "receivedKBytesPerSec" : 61.450721101447385,
    "sentKBytesPerSec" : 70.65462469482955
  },
  "Transaction Controller" : {
    "transaction" : "Transaction Controller",
    "sampleCount" : 1000,
    "errorCount" : 900,
    "errorPct" : 90.0,
    "meanResTime" : 2253.5290000000005,
    "medianResTime" : 2153.0,
    "minResTime" : 1004.0,
    "maxResTime" : 3454.0,
    "pct1ResTime" : 2829.7,
    "pct2ResTime" : 2968.8999999999996,
    "pct3ResTime" : 3084.92,
    "throughput" : 83.68901163277262,
    "receivedKBytesPerSec" : 58.98220104715876,
    "sentKBytesPerSec" : 67.81637715499205
  }
}