{
  "Checkout" : {
    "transaction" : "Checkout",
    "sampleCount" : 1000,
    "errorCount" : 900,
    "errorPct" : 90.0,
    "meanResTime" : 3.817999999999994,
    "medianResTime" : 2.0,
    "minResTime" : 1.0,
    "maxResTime" : 152.0,
    "pct1ResTime" : 3.0,
    "pct2ResTime" : 5.0,
    "pct3ResTime" : 68.85000000000014,
    "throughput" : 101.45074566298062,
    "receivedKBytesPerSec" : 33.36778431571472,
    "sentKBytesPerSec" : 39.12323174520645
  },
  "Add to Cart" : {
    "transaction" : "Add to Cart",
    "sampleCount" : 1000,
    "errorCount" : 0,
    "errorPct" : 0.0,
    "meanResTime" : 5.0479999999999965,
    "medianResTime" : 4.0,
    "minResTime" : 3.0,
    "maxResTime" : 131.0,
    "pct1ResTime" : 5.0,
    "pct2ResTime" : 5.0,
    "pct3ResTime" : 55.8900000000001,
    "throughput" : 100.88781275221953,
    "receivedKBytesPerSec" : 37.92091104847659,
    "sentKBytesPerSec" : 42.847073780518556
  },
  "Total" : {
    "transaction" : "Total",
    "sampleCount" : 2000,
    "errorCount" : 900,
    "errorPct" : 45.0,
    "meanResTime" : 4.432999999999994,
    "medianResTime" : 3.0,
    "minResTime" : 1.0,
    "maxResTime" : 152.0,
    "pct1ResTime" : 4.0,
    "pct2ResTime" : 5.0,
    "pct3ResTime" : 55.98000000000002,
    "throughput" : 201.73492031470647,
    "receivedKBytesPerSec" : 71.08919914388743,
    "sentKBytesPerSec" : 81.73672489661085
  },
  "Transaction Controller" : {
    "transaction" : "Transaction Controller",
    "sampleCount" : 1000,
    "errorCount" : 900,
    "errorPct" : 90.0,
    "meanResTime" : 8.866000000000021,
    "medianResTime" : 6.0,
    "minResTime" : 4.0,
    "maxResTime" : 213.0,
    "pct1ResTime" : 8.0,
    "pct2ResTime" : 10.0,
    "pct3ResTime" : 130.84000000000015,
    "throughput" : 100.06003602161297,
    "receivedKBytesPerSec" : 70.52014411772063,
    "sentKBytesPerSec" : 81.08243852561537
  }
}